cod_ibge,municipio,cnpj,razao_social,email,telefone,endereco,cep,fonte
3500204,Adolfo,45140431000191,MUNICIPIO DE ADOLFO,,1738149020,CASTRO ALVES 780 CENTRO ADOLFO SP,15230019,receita-cnpj
3500758,Alambari,67360420000150,MUNICIPIO DE ALAMBARI,,1532749000,RUA DAHIR RACHID S/N CENTRO ALAMBARI SP,18220000,receita-cnpj
3500907,Altair,45152782000112,MUNICIPIO DE ALTAIR,,1738899500,JOAQUIM CARLOS GARCIA 384 CENTRO ALTAIR SP,15430005,receita-cnpj
3501152,Alumínio,58987629000157,MUNICIPIO DE ALUMINIO,,,ENG. ANTONIO DE CASTRO FIGUEIROA 100 VILA SANTA LUZIA ALUMINIO SP,18125000,receita-cnpj
3502002,Analândia,44659076000107,MUNICIPIO DE ANALANDIA,,,04 381 CENTRO ANALANDIA SP,13550000,receita-cnpj
3502200,Angatuba,46634234000191,MUNICIPIO DE ANGATUBA,,1532559500,JOAO LOPES FILHO 120 CENTRO ANGATUBA SP,18240047,receita-cnpj
3502754,Araçariguama,58993577000121,MUNICIPIO DE ARACARIGUAMA,,1153322170,SAO JOAO 228 CENTRO ARACARIGUAMA SP,18147957,receita-cnpj
3502903,Araçoiaba da Serra,46634069000178,MUNICIPIO DE ARACOIABA DA SERRA,,1532817000,LUANE MILANDA OLIVEIRA 600 JARDIM NOSSA SENHORA SALETE ARACOIABA DA SERRA SP,18191122,receita-cnpj
3504602,Bady Bassitt,45093267000109,MUNICIPIO DE BADY BASSITT,,1738185100,CAMILO DE MORAES 475 CENTRO BADY BASSITT SP,15115000,receita-cnpj
3505401,Barra do Turvo,46634317000180,MUNICIPIO DE BARRA DO TURVO,,0155771112,21 DE MARCO 304 CENTRO BARRA DO TURVO SP,11955000,receita-cnpj
3507001,Boituva,46634499000190,MUNICIPIO DE BOITUVA,,,TANCREDO NEVES 01 CENTRO BOITUVA SP,18550000,receita-cnpj
3504800,Bálsamo,45142353000164,MUNICIPIO DE BALSAMO,,1732641209,RIO DE JANEIRO 695 CENTRO BALSAMO SP,15140000,receita-cnpj
3509254,Cajati,64037815000128,MUNICIPIO DE CAJATI,,1338548700,PACO MUNICIPAL 10 CENTRO CAJATI SP,11950000,receita-cnpj
3509452,Campina do Monte Alegre,67360404000167,MUNICIPIO DE CAMPINA DO MONTE ALEGRE,,1532561212,PRUDENTE ALVES 156 CENTRO CAMPINA DO MONTE ALEGRE SP,18245065,receita-cnpj
3509908,Cananéia,46585956000101,MUNICIPIO DE CANANEIA,,1338515100,INDEPENDENCIA 374 ROCIO CANANEIA SP,11990000,receita-cnpj
3510302,Capela do Alto,46634077000114,MUNICIPIO DE CAPELA DO ALTO,,0152671112,SAO FRANCISCO 26 CENTRO CAPELA DO ALTO SP,18195000,receita-cnpj
3511300,Cedral,45093663000136,MUNICIPIO DE CEDRAL,,1732669600,ANTONIO DOS SANTOS GALANTE 429 CENTRO CEDRAL SP,15895029,receita-cnpj
3511508,Cerquilho,46634614000126,MUNICIPIO DE CERQUILHO,,1533842994,ENGENHEIRO URBANO PADUA DE ARAUJO 28 CENTRO CERQUILHO SP,18520135,receita-cnpj
3511607,Cesário Lange,46634572000123,MUNICIPIO DE CESARIO LANGE,,1532468600,DOROTHEA CARLSSON 307 JARDIM PAULISTA CESARIO LANGE SP,18287022,receita-cnpj
3512704,Corumbataí,44660397000113,MUNICIPIO DE CORUMBATAI,,,QUATRO 147 CENTRO CORUMBATAI SP,13540000,receita-cnpj
3514809,Eldorado,45089885000185,MUNICIPIO DE ELDORADO,,,NOSSA SENHORA DA GUIA 348 CENTRO ELDORADO SP,11960000,receita-cnpj
3517505,Guapiaçu,45728326000178,MUNICIPIO DE GUAPIACU,,1732679700,ABRAHAO JOSE DE LIMA 572 CENTRO GUAPIACU SP,15110000,receita-cnpj
3518503,Guareí,46634267000131,MUNICIPIO DE GUAREI,,1532588300,PROFESSORA ANA CANDIDA ROLIM 46 CENTRO GUAREI SP,18250000,receita-cnpj
3519402,Ibirá,45158193000141,MUNICIPIO DE IBIRA,,1735519900,JOSE BERNARDINO DE SEIXAS 1 CENTRO IBIRA SP,15860044,receita-cnpj
3519709,Ibiúna,46634531000137,MUNICIPIO DE IBIUNA,,1532489914,CAP.MANOEL DE O.CARVALHO 51 CENTRO-CIDADE I IBIUNA SP,18150043,receita-cnpj
3519808,Icém,45726742000137,MUNICIPIO DE ICEM,,1732829090,PREFEITO JOAO RIBEIRO DA SILVEIRA 550 CENTRO ICEM SP,15460013,receita-cnpj
3520301,Iguape,45550167000164,MUNICIPIO DE IGUAPE,,,QUINZE DE NOVEMBRO 272 CENTRO IGUAPE SP,11920000,receita-cnpj
3520426,Ilha Comprida,64037872000107,MUNICIPIO DE ILHA COMPRIDA,,0138421011,BEIRA MAR 11.000 BALN. MEU RECANTO ILHA COMPRIDA SP,11925000,receita-cnpj
3521002,Iperó,46634085000160,MUNICIPIO DE IPERO,,1534599999,SANTA CRUZ 355 JARDIM SANTA CRUZ IPERO SP,18560150,receita-cnpj
3521101,Ipeúna,44660603000195,MUNICIPIO DE IPEUNA,,1935769000,1 275 CENTRO IPEUNA SP,13537035,receita-cnpj
3521150,Ipiguá,01528506000130,MUNICIPIO DE IPIGUA,,1732699000,DO COMERCIO 171 CENTRO IPIGUA SP,15108009,receita-cnpj
3521200,Iporanga,46634283000124,MUNICIPIO DE IPORANGA,,0155561242,PADRE CAIAFFA 070 CENTRO IPORANGA SP,18330000,receita-cnpj
3521507,Irapuã,45158532000190,MUNICIPIO DE IRAPUA,,,ALTINO ARANTES 122 CENTRO IRAPUA SP,14990000,receita-cnpj
3522307,Itapetininga,46634291000170,MUNICIPIO DE ITAPETININGA,,152734200,DOS TRES PODERES 1000 JARDIM MARABA ITAPETININGA SP,18213900,receita-cnpj
3523909,Itu,46634440000100,MUNICIPIO DE ITU,,1148869600,ITU 400 ANOS 111 ITU NOVO CENTRO ITU SP,13303500,receita-cnpj
3524501,Jaci,45142684000102,MUNICIPIO DE JACI,,,DOM LAFAYETE LIBANEO 700 CENTRO JACI SP,15155000,receita-cnpj
3524600,Jacupiranga,46582185000190,MUNICIPIO DE JACUPIRANGA,,,HILDA MOHRING DE MACEDO 777 VILA ELIAS JACUPIRANGA SP,11940000,receita-cnpj
3525706,José Bonifácio,45141132000171,MUNICIPIO DE JOSE BONIFACIO,,1732459200,AVENIDA SAO JOAO 72 CENTRO JOSE BONIFACIO SP,15200000,receita-cnpj
3525854,Jumirim,01612150000119,MUNICIPIO DE JUMIRIM,,1531999800,MANOEL NOVAES 829 CENTRO JUMIRIM SP,18535001,receita-cnpj
3526100,Juquiá,46585964000140,MUNICIPIO DE JUQUIA,,1338446111,MOHAMAD SAID HEDJAZI 42 FLORESTA JUQUIA SP,11800000,receita-cnpj
3528106,Macaubal,51848943000100,MUNICIPIO DE MACAUBAL,,0174731183,ARLINDO ANTONIO DOS SANTOS SN CENTRO MACAUBAL SP,15270000,receita-cnpj
3528403,Mairinque,45944428000120,MUNICIPIO DE MAIRINQUE,,,LAMARTINE NAVARRO 514 CENTRO MAIRINQUE SP,18120000,receita-cnpj
3529500,Mendonça,46935110000146,MUNICIPIO DE MENDONCA,,,SANTOS DUMONT 682 CENTRO MENDONCA SP,15220000,receita-cnpj
3529906,Miracatu,46583654000196,MUNICIPIO DE MIRACATU,,1338477000,DONA EVARISTA DE CASTRO FERREIRA 360 CENTRO MIRACATU SP,11850000,receita-cnpj
3530300,Mirassol,46612032000149,MUNICIPIO DE MIRASSOL,,1732438160,DOUTOR ANISIO JOSE MOREIRA 2290 CENTRO MIRASSOL SP,15130065,receita-cnpj
3530409,Mirassolândia,45144748000104,MUNICIPIO DE MIRASSOLANDIA,,,ANTONIO B RODRIGUES 364 NÃO INFORMADO MIRASSOLANDIA SP,15145000,receita-cnpj
3531407,Monte Aprazível,53221701000117,MUNICIPIO DE MONTE APRAZIVEL,,1732759500,SAO JOAO 117 CENTRO MONTE APRAZIVEL SP,15150000,receita-cnpj
3532504,Neves Paulista,45145414000147,MUNICIPIO DE NEVES PAULISTA,,1732719020,RIO BRANCO 298 CENTRO NEVES PAULISTA SP,15120021,receita-cnpj
3532702,Nipoã,49107725000172,MUNICIPIO DE NIPOA,,1735122675,RIO DE JANEIRO 304 CENTRO NIPOA SP,15240000,receita-cnpj
3532801,Nova Aliança,45094232000194,MUNICIPIO DE NOVA ALIANCA,,,PADRE JOAO NOLTE 22 CENTRO NOVA ALIANCA SP,15210000,receita-cnpj
3533007,Nova Granada,45147733000191,MUNICIPIO DE NOVA GRANADA,,,SAO BENEDITO 417 CENTRO NOVA GRANADA SP,15440000,receita-cnpj
3533502,Novo Horizonte,45152139000199,MUNICIPIO DE NOVO HORIZONTE,,,DR. EUCLYDES CARDOSO CASTILHO 185 CENTRO NOVO HORIZONTE SP,14960000,receita-cnpj
3534005,Onda Verde,45148699000170,MUNICIPIO DE ONDA VERDE,,,ROMANO CALIL 261 CENTRO ONDA VERDE SP,15450000,receita-cnpj
3534203,Orindiúva,45148970000177,MUNICIPIO DE ORINDIUVA,,,MARIA DIAS 614 CENTRO ORINDIUVA SP,15480000,receita-cnpj
3535002,Palestina,45149184000194,MUNICIPIO DE PALESTINA,,,SIQUEIRA CAMPOS 001380 CENTRO PALESTINA SP,15470000,receita-cnpj
3536208,Pariquera-Açu,45685120000108,MUNICIPIO DE PARIQUERA-ACU,,0138561331,XV DE NOVEMBRO 686 CENTRO PARIQUERA-ACU SP,11930000,receita-cnpj
3536604,Paulo de Faria,45150166000122,MUNICIPIO DE PAULO DE FARIA,,,XV DE NOVEMBRO 790 CENTRO PAULO DE FARIA SP,15490000,receita-cnpj
3537503,Pereiras,46634622000172,MUNICIPIO DE PEREIRAS,,0148581220,DR LUIZ VERGUEIRO 151 CENTRO PEREIRAS SP,18580000,receita-cnpj
3537800,Piedade,46634457000159,MUNICIPIO DE PIEDADE,,,RAUL GOMES DE ABREU 200 CENTRO PIEDADE SP,18170000,receita-cnpj
3537909,Pilar do Sul,46634473000141,MUNICIPIO DE PILAR DO SUL,,1532789700,TENENTE ALMEIDA 265 CENTRO PILAR DO SUL SP,18185057,receita-cnpj
3539608,Planalto,46935763000125,MUNICIPIO DE PLANALTO,,,CARLOS GOMES 709 CENTRO PLANALTO SP,15260000,receita-cnpj
3539905,Poloni,46608063000126,MUNICIPIO DE POLONI,,,JOSE POLONI 274 CENTRO POLONI SP,15160000,receita-cnpj
3540507,Porangaba,46634580000170,MUNICIPIO DE PORANGABA,,1491498967,PROFESSOR ANTONIO FREIRE DE SOUZA 100 CENTRO PORANGABA SP,18260003,receita-cnpj
3540606,Porto Feliz,46634481000198,MUNICIPIO DE PORTO FELIZ,,1532619000,ADHEMAR DE BARROS 340 CENTRO PORTO FELIZ SP,18540000,receita-cnpj
3540804,Potirendaba,45094901000128,MUNICIPIO DE POTIRENDABA,,,BOM JESUS 990 CENTRO POTIRENDABA SP,15105000,receita-cnpj
3541653,Quadra,01612145000106,MUNICIPIO DE QUADRA,,1597216636,JOSE CARLOS DA SILVEIRA 36 JD. SANTO ANTONIO QUADRA SP,18255000,receita-cnpj
3542602,Registro,45685872000179,MUNICIPIO DE REGISTRO,,,JOSE ANTONIO DE CAMPOS 250 CENTRO REGISTRO SP,11900000,receita-cnpj
3543907,Rio Claro,45774064000188,MUNICIPIO DE RIO CLARO,,,TRES 945 VILA DO RADIO RIO CLARO SP,13500270,receita-cnpj
3544806,Sales,46613196000190,MUNICIPIO DE SALES,,1735579100,RAMILLO SALLES 717 JARDIM DO SOL SALES SP,14980000,receita-cnpj
3545209,Salto,46634507000106,MUNICIPIO DE SALTO,,1146028500,TRANQUILLO GIANNINI 861 DISTRITO INDUSTRIAL SALTO SP,13329600,receita-cnpj
3545308,Salto de Pirapora,46634093000107,MUNICIPIO DE SALTO DE PIRAPORA,,1534921301,LYDIA DAVID HADDAD 150 CAMPO LARGO SALTO DE PIRAPORA SP,18160000,receita-cnpj
3546702,Santa Gertrudes,45732377000173,MUNICIPIO DE SANTA GERTRUDES,,1935458000,SAO CRISTOVAO 56 JARDIM LUCIANA SANTA GERTRUDES SP,13513170,receita-cnpj
3551108,Sarapuí,46634341000110,MUNICIPIO DE SARAPUI,,0152761177,13 DE MARCO 25 CENTRO SARAPUI SP,18225000,receita-cnpj
3551801,Sete Barras,46587275000174,MUNICIPIO DE SETE BARRAS,,,JOSE LOPES 35 CENTRO SETE BARRAS SP,11910000,receita-cnpj
3552205,Sorocaba,46634044000174,MUNICIPIO DE SOROCABA,,1532382500,ENG CARLOS R MENDES S/N PARQUE BOA VISTA SOROCABA SP,18013280,receita-cnpj
3549805,São José do Rio Preto,46588950000180,MUNICIPIO DE SAO JOSE DO RIO PRETO,,,DR ALBERTO ANDALO 3030 CENTRO SAO JOSE DO RIO PRETO SP,15015000,receita-cnpj
3550209,São Miguel Arcanjo,46634333000173,MUNICIPIO DE SAO MIGUEL ARCANJO,,,ANTONIO FERREIRA LEME 53 CENTRO SAO MIGUEL ARCANJO SP,18230000,receita-cnpj
3550605,São Roque,70946009000175,MUNICIPIO DE SAO ROQUE,,,SAO PAULO 966 BAIRRO DO TABOAO SAO ROQUE SP,18130120,receita-cnpj
3553401,Tanabi,45157104000142,MUNICIPIO DE TANABI,,,DR CUNHA JUNIOR 242 CENTRO TANABI SP,15170000,receita-cnpj
3553500,Tapiraí,46634465000103,MUNICIPIO DE TAPIRAI,,1532774800,AUGUSTO MORITZ 305 CENTRO TAPIRAI SP,18180019,receita-cnpj
3554003,Tatuí,46634564000187,PREFEITURA MUNICIPAL DE TATUI,,1532598400,DOMINGOS BASSI 1000 CECAP TATUI SP,18271330,receita-cnpj
3554508,Tietê,46634598000171,MUNICIPIO DE TIETE,,,DR J A CORREA S/N CENTRO TIETE SP,18530000,receita-cnpj
3554656,Torre de Pedra,67363416000145,MUNICIPIO DE TORRE DE PEDRA,,,EMIDIO DIAS DE CAMARGO 93 CENTRO TORRE DE PEDRA SP,18265000,receita-cnpj
3555356,Ubarana,65708786000141,MUNICIPIO DE UBARANA,,1738071306,JOAO VIRGINIO DOS SANTOS 505 CENTRO UBARANA SP,15225045,receita-cnpj
3555604,Uchoa,45111952000110,MUNICIPIO DE UCHOA,,1738269500,PEDRO DE TOLEDO 1011 PROGRESSO LOT. CIDADE ALTA UCHOA SP,15890364,receita-cnpj
3555703,União Paulista,45726445000191,MUNICIPIO DE UNIAO PAULISTA,,,21 DE MARCO 881 CENTRO UNIAO PAULISTA SP,15250000,receita-cnpj
3556008,Urupês,45159381000194,MUNICIPIO DE URUPES,,1735521144,GUSTAVO MARTINS CERQUEIRA 463 CENTRO URUPES SP,15850029,receita-cnpj
3557006,Votorantim,46634051000176,MUNICIPIO DE VOTORANTIM,,1533538533,TRINTA E UM DE MARCO 327 CENTRO VOTORANTIM SP,18110900,receita-cnpj
