municipio,cargo,nome_urna,nome,partido
Capela do Alto,PREFEITO,HENRIQUE DANIEL LEME,HENRIQUE DANIEL LEME,PSD
Capela do Alto,VEREADOR,TEREZINHA DO ZÉ MARIA,TEREZINHA DE FÁTIMA SIMÕIS SILVA,PSD
Capela do Alto,VEREADOR,SIMONE ARRUDA,SIMONE DE ARRUDA,PSD
Capela do Alto,VEREADOR,DRA ALINE MORI,ALINE CRISTINA MORI MACIEL,PP
Capela do Alto,VEREADOR,WELTON CAMILO,WELTON CAMILO LEITE BONADIO,PSD
Capela do Alto,VEREADOR,LÉO CORRENTE DO BEM,LEONARDO BENEDITO ANTONIO GALAVOTI,PP
Capela do Alto,VEREADOR,FELIPE SIMÕES,FELIPE SIMÕES DE ALMEIDA,UNIÃO
Capela do Alto,VEREADOR,SÔNIA CARRIEL,SÔNIA RODRIGUES CARRIEL,REPUBLICANOS
Capela do Alto,VEREADOR,RODRIGO SOARES,RODRIGO SOARES DA SILVA,PL
Capela do Alto,VEREADOR,AMAURI DO PORTO,JOSÉ LAURI FRANCO,REPUBLICANOS
Capela do Alto,VEREADOR,JOÃO LEITE,JOÃO APARECIDO DE OLIVEIRA LEITE,REPUBLICANOS
Capela do Alto,VEREADOR,ALUISIO,ALUISIO ROQUE DE OLIVEIRA,PL
Capela do Alto,VICE-PREFEITO,MENEGUETTI,JOSUÉ CORREA,REPUBLICANOS
Cesário Lange,PREFEITO,RAMIRO,RAMIRO DE CAMPOS,REPUBLICANOS
Cesário Lange,VEREADOR,ALESSANDRO DA SANTA CASA,ALESSANDRO DONIZETE PAES VIEIRA,PSD
Cesário Lange,VEREADOR,MARQUINHO DO GRÊMIO,MARCOS VINICIUS DE CAMARGO MOURA,PP
Cesário Lange,VEREADOR,JO DA SACOLA,JOSELIA APARECIDA DE LIMA,REPUBLICANOS
Cesário Lange,VEREADOR,DANIELA FARIAS,DANIELA NUNES FARIAS,MDB
Cesário Lange,VEREADOR,LUCIANO TOLEDO,LUCIANO CESAR DE TOLEDO,UNIÃO
Cesário Lange,VEREADOR,GUSTAVO CAMARGO,GUSTAVO BORTOLON DOS SANTOS CAMARGO,SOLIDARIEDADE
Cesário Lange,VEREADOR,FELIPE ROCHA,FELIPE AUGUSTO DE CAMPOS ROCHA,PL
Cesário Lange,VEREADOR,ROGÉRIO DA FARMACIA,ROGERIO TELES DA SILVA,PL
Cesário Lange,VEREADOR,GABRIEL BIANO,HAMILTON GABRIEL VIEIRA DE LIMA,PSD
Cesário Lange,VEREADOR,OSMAR TONINHO,OSMAR TREVISAN,UNIÃO
Cesário Lange,VEREADOR,CRISTIANO DO MAURO,CRISTIANO DE JESUS RODRIGUES,SOLIDARIEDADE
Cesário Lange,VICE-PREFEITO,ANDRÉ CANJICA,ANDRE LUIZ SOARES DE ARRUDA,PSD
Corumbataí,PREFEITO,JOÃOZINHO ALTARUGIO,JOÃO BATISTA ALTARUGIO FILHO,PSD
Corumbataí,VEREADOR,LUAN BERBEL,LUAN FELIPE BERBEL,PL
Corumbataí,VEREADOR,MARLENE MESQUITA,MARLENE MESQUITA,DC
Corumbataí,VEREADOR,MARCÃO DO POVO,MARCO ANTONIO DO NASCIMENTO,UNIÃO
Corumbataí,VEREADOR,GI,GISLAINE APARECIDA SITOLIN,PODE
Corumbataí,VEREADOR,PROFESSOR ESDRA,ESDRA APARECIDO AFONSO,PODE
Corumbataí,VEREADOR,PAULÃO CECCATO,PAULO SERGIO CECCATO,MDB
Corumbataí,VEREADOR,DI DA SAÚDE,DEONIZIA DE OLIVEIRA,PODE
Corumbataí,VEREADOR,EDNA MESQUITA,EDNA ANASTACIO FERREIRA MESQUITA,PSDB
Corumbataí,VEREADOR,JOSÉ ROBERTO BERBEL,JOSÉ ROBERTO BERBEL,PL
Corumbataí,VICE-PREFEITO,ISAURA SALLES,ISAURA SALLES BORTOLIN,PODE
Guareí,PREFEITO,MINEIRO,REINALDO VICENTE DE SOUZA,PSB
Guareí,VEREADOR,FELIPE DO EDVALDO,FELIPE SAROBO SOARES,MDB
Guareí,VEREADOR,MICHEL DA VITÓRIA,MICHEL JÚNIOR RODRIGUES,PSDB
Guareí,VEREADOR,PAULO RENATO,PAULO RENATO MARTINS VIEIRA,UNIÃO
Guareí,VEREADOR,ROSANA DO CANIL,ROSANA MARIA DE OLIVEIRA,MDB
Guareí,VEREADOR,ROBERTINHO,ROBERTO MOMBERG VIEIRA,PSB
Guareí,VEREADOR,TANIA AGENTE,TANIA MARIA DE BARROS MATEO,MDB
Guareí,VEREADOR,ELIAS DA MALHARIA,AUAD ELIAS RAIA NETO,PSB
Guareí,VEREADOR,PROFESSOR ÁLVARO,ALVARO CAMILO CARDOSO,PSDB
Guareí,VEREADOR,PERCIONE,PERCIONE BATISTA VIEIRA SOARES,MDB
Guareí,VICE-PREFEITO,NILSON MOMBERG,NILSON MOMBERG SOARES,PSDB
Iperó,PREFEITO,LÉO FOLIM,LEONARDO ROBERTO FOLIM,PSD
Iperó,VEREADOR,WILLIANS,WILLIANS FAGUNDES,PODE
Iperó,VEREADOR,ALYSSON,ALYSSON ALESSANDRO DE BARROS,PODE
Iperó,VEREADOR,BOB MORAGA,VINICIUS ANTONIO DE PAULA MORAGA RAMOS,PSB
Iperó,VEREADOR,NINO DAN DO POVO,LUIS RODRIGUES MOREIRA,PSD
Iperó,VEREADOR,NENÃO VALÁRIO,ANGELO VALÁRIO SOBRINHO,PODE
Iperó,VEREADOR,GORETI,MARIA GORETI GOMES,PSD
Iperó,VEREADOR,ANDERSON PARMA,ANDERSON FERNANDO MARQUES DE ALMEIDA,MDB
Iperó,VEREADOR,VEREADORA VALÉRIA,VALÉRIA REGINA MATHEUS DE SOUZA,REPUBLICANOS
Iperó,VEREADOR,CLEYTON SANTOS CABELEIREIRO,CLEYTON DOS SANTOS BATISTA DE JESUS,CIDADANIA
Iperó,VEREADOR,VALTINHO,VALTER RODRIGUES VIEIRA,PSD
Iperó,VEREADOR,JOCA,JOSIMAR APARECIDO FERREIRA,PSB
Iperó,VEREADOR,WALDIR DAKI,WALDIR LUIZ PAULA LEITE,REPUBLICANOS
Iperó,VEREADOR,SÉRGIO POLI,SÉRGIO POLI SIMON,PSD
Iperó,VICE-PREFEITO,NENO DOMINGUES,JOÃO ANTÓNIO DOMINGUES DOS SANTOS,MDB
Juquiá,PREFEITO,CIRILO,CICERO CIRILO DOS SANTOS,UNIÃO
Juquiá,VEREADOR,LÁZARO,LAZARO ANUNCIAÇÃO DOS SANTOS,PL
Juquiá,VEREADOR,PALHUCA,ROBERTO DE SOUSA ALVES,MDB
Juquiá,VEREADOR,ZÉ ANTONIO,JOSE ANTONIO FREIRE,PP
Juquiá,VEREADOR,NEQUINHO,EMANOEL MUNIZ DE LIMA FILHO,PSB
Juquiá,VEREADOR,CARLINHOS CABELEIREIRO,CARLOS CESAR DE OLIVEIRA,REPUBLICANOS
Juquiá,VEREADOR,MATHEUS AMARAL,MATHEUS BEZERRA SANCHES DO AMARAL,PL
Juquiá,VEREADOR,TIAGUÊRA,TIAGO SILVA DE LARA,REPUBLICANOS
Juquiá,VEREADOR,THIAGO BARBOSA,THIAGO FELIPE DOS SANTOS,PP
Juquiá,VEREADOR,TADEU,TADEU PEREIRA DO AMARAL,UNIÃO
Juquiá,VEREADOR,GAGUINHO,FABIANO DOS SANTOS OLIVEIRA,PSB
Juquiá,VEREADOR,TIAGO JAZE,TIAGO JAZE LEITE,REPUBLICANOS
Juquiá,VICE-PREFEITO,ANA EMILIA,ANA EMILIA MESSIAS HOJEIJE,PP
Mirassol,PREFEITO,DR EDSON,EDSON ANTONIO ERMENEGILDO,PSD
Mirassol,VEREADOR,WALMIR CHAVEIRO,WALMIR JOSÉ PEREIRA JUNIOR,SOLIDARIEDADE
Mirassol,VEREADOR,NANDO NOGUEIRA,LUIZ FERNANDO NOGUEIRA,PODE
Mirassol,VEREADOR,ROBSON DA RAÇÃO,ROBSON GOMES,UNIÃO
Mirassol,VEREADOR,KAUAI FERREIRA MARCELINO,KAUAI FERREIRA,PL
Mirassol,VEREADOR,VALDO DA BICICLETARIA,EDIVALDO DA SILVA PEREIRA,UNIÃO
Mirassol,VEREADOR,FERNANDA MACHADO FISIOTERAPIA,FERNANDA FONSECA MACHADO CORREA,PSD
Mirassol,VEREADOR,PASTOR ADEMIR MASSA,ADEMIR APARECIDO MASSA,PODE
Mirassol,VEREADOR,GUSTAVO TEIXIEIRA,GUSTAVO CARMO TEIXEIRA,UNIÃO
Mirassol,VEREADOR,PROFESSOR POIATI,VALDIR ROGÉRIO POIATI,PSD
Mirassol,VEREADOR,PINATTO,VANDERLEI GILMAR PINATTO,PODE
Mirassol,VEREADOR,EDSON BRANCO,EDSON LUIZ SCOCHI,PODE
Mirassol,VICE-PREFEITO,BETO FERES,JOÃO ROBERTO BLAUTH FERES,MDB
Rio Claro,PREFEITO,GUSTAVO PERISSINOTTO,GUSTAVO RAMOS PERISSINOTTO,PSD
Rio Claro,VEREADOR,PAULO GUEDES,PAULO MARCOS GUEDES,PP
Rio Claro,VEREADOR,FERNANDO DO NORDESTE,FERNANDO DE LIMA DA SILVA,PSD
Rio Claro,VEREADOR,SERGINHO CARNEVALE,SERGIO MONTENEGRO CARNEVALE,PSD
Rio Claro,VEREADOR,RAFAEL ANDREETA,RAFAEL HENRIQUE ANDREETA,REPUBLICANOS
Rio Claro,VEREADOR,JULINHO LOPES,JOSÉ JULIO LOPES DE ABREU,PP
Rio Claro,VEREADOR,ADRIANO LA TORRE,ADRIANO LA TORRE,PP
Rio Claro,VEREADOR,EMILIO CERRI,EMILIO JOSE CERRI,PODE
Rio Claro,VEREADOR,ANANIAS DO ESPETINHO,ANANIAS FERNANDES TULINTINO,MDB
Rio Claro,VEREADOR,TIEMI NEVOEIRO,FRANCISCA MANOELA TIEMI MATSUSHITA DA FONSECA NEVOEIRO,REPUBLICANOS
Rio Claro,VEREADOR,PEREIRA,JOSÉ PEREIRA DOS SANTOS,PSD
Rio Claro,VEREADOR,ELIAS CUSTÓDIO,ELIAS GLAUBERTO CUSTÓDIO,PSD
Rio Claro,VEREADOR,HERNANI LEONHARDT,HERNANI ALBERTO MONACO LEONHARDT,MDB
Rio Claro,VEREADOR,MOISÉS MARQUES,MOISES MENEZES MARQUES,PL
Rio Claro,VEREADOR,SIVALDO FAÍSCA,SIVALDO RODRIGUES DE OLIVEIRA,PL
Rio Claro,VEREADOR,PR DIEGO GONZALEZ,DIEGO GARCIA GONZALEZ,PSD
Rio Claro,VEREADOR,CLAUDINO GALEGO,CLAUDINO NUNES PEREIRA,PP
Rio Claro,VEREADOR,VAL DEMARCHI,DERMEVAL NEVOEIRO DEMARCHI,PL
Rio Claro,VEREADOR,RODRIGO GUEDES,RODRIGO APARECIDO GUEDES,UNIÃO
Rio Claro,VEREADOR,PROFESSOR DALBERTO,DALBERTO CHRISTOFOLETTI,PSD
Rio Claro,VICE-PREFEITO,MARIA DO CARMO GUILHERME,MARIA DO CARMO GUILHERME,MDB
Salto,PREFEITO,GERALDO GARCIA,JOSÉ GERALDO GARCIA,PP
Salto,VEREADOR,DR ROGÉRIO PINHEIRO,ROGERIO DOS SANTOS FILHO,SOLIDARIEDADE
Salto,VEREADOR,EDEMILSON SANTOS,EDEMILSON PEREIRA DOS SANTOS,PODE
Salto,VEREADOR,ALMIR DA ADEGA,ALMIR DE MELO SANTOS,PRD
Salto,VEREADOR,ANTÔNIO MOREIRA,ANTONIO MOREIRA SOBRINHO,PL
Salto,VEREADOR,EDIVAL PRETO,EDIVAL PEREIRA ROSA,UNIÃO
Salto,VEREADOR,PROF HENRIQUE BALSEIROS,HENRIQUE BALSEIROS CHAMOSA NETO,PL
Salto,VEREADOR,CLEITON BISPO,CLAYTON APARECIDO DOS SANTOS,PP
Salto,VEREADOR,LUZIA VIDAL,LUZIA DE FATIMA IZIDORIO VIDAL,PSB
Salto,VEREADOR,CHELL OLIVEIRA,MICHEL OLIVEIRA RODRIGUES DA SILVA,PT
Salto,VEREADOR,DRA. GRAZI,GRAZIELA COSTA LEITE,PSB
Salto,VEREADOR,ARILDO GUADAGNINI,ARILDO GUADAGNINI,DC
Salto,VICE-PREFEITO,PROF FABIO JORGE,FABIO JORGE RODRIGUES,UNIÃO
São Roque,PREFEITO,GUTO ISSA,MARCOS AUGUSTO ISSA HENRIQUES DE ARAÚJO,PSD
São Roque,VEREADOR,WANDERLEI DA QUALISER,WANDERLEI DIVINO ANTUNES,REPUBLICANOS
São Roque,VEREADOR,GONZAGUINHA,LUÍZ ROGÉRIO SANTOS DE JESUS,PODE
São Roque,VEREADOR,MARQUINHO CHULA,ANTONIO MARCOS CARVALHO DE BRITO,AGIR
São Roque,VEREADOR,DANI CASTRO,DANIELI DE CASTRO,PSD
São Roque,VEREADOR,MATEUS TARABORELLI,MATEUS TARABORELI FOINA,PSB
São Roque,VEREADOR,DIEGO COSTA,DIEGO GOUVEIA DA COSTA,PSB
São Roque,VEREADOR,THIAGO NUNES,THIAGO VIEIRA NUNES,PSD
São Roque,VEREADOR,WELLINTON OLIVEIRA,JOSÉ WELLINTON DE OLIVEIRA SILVA,REPUBLICANOS
São Roque,VEREADOR,RAFAEL TANZI,RAFAEL TANZI DE ARAÚJO,REPUBLICANOS
São Roque,VEREADOR,PAULO JUVENTUDE,PAULO ROGERIO NOGGERINI JUNIOR,REDE
São Roque,VEREADOR,FLÁVIO RODRIGUES,FLÁVIO EDUARDO DOS SANTOS RODRIGUES,REPUBLICANOS
São Roque,VEREADOR,MARQUINHO ARRUDA,MARCOS ROBERTO MARTINS ARRUDA,PL
São Roque,VEREADOR,JULIO MARIANO,JÚLIO ANTÔNIO MARIANO,PSD
São Roque,VEREADOR,GUILHERME NUNES,GUILHERME ARAUJO NUNES,PSD
São Roque,VEREADOR,WILLIAM ALBUQUERQUE,WILLIAM DA SILVA ALBUQUERQUE,UNIÃO
São Roque,VICE-PREFEITO,MAIQUE BOCCATO,OSMAR HENRIQUE VILLAÇA BOCCATO,REPUBLICANOS
Tatuí,PREFEITO,PROFESSOR MIGUEL,MIGUEL LOPES CARDOSO JUNIOR,PSD
Tatuí,VEREADOR,JOÃO JJ,JOÃO FRANCISCO DE LIMA FILHO,SOLIDARIEDADE
Tatuí,VEREADOR,ROSANA DO SUPERMERCADO,ROSANA NOCHELE PONTES PEREIRA,PSD
Tatuí,VEREADOR,ENFERMEIRO MAURÍCIO,MAURÍCIO COUTO,PP
Tatuí,VEREADOR,EDUARDINHO AMIGO DO POVO,JOSE EDUARDO MORAIS PERBELINI,REPUBLICANOS
Tatuí,VEREADOR,ALEX MOTA,ALEX LEITE MOTA,UNIÃO
Tatuí,VEREADOR,BOSSOLAN DA RADIO,ALEXANDRE DE JESUS BOSSOLAN,PL
Tatuí,VEREADOR,JOAO EDER,JOÃO EDER ALVES MIGUEL,UNIÃO
Tatuí,VEREADOR,KELVIN,KELVIN JOELMIR DE MORAIS,PT
Tatuí,VEREADOR,ELAINE MIRANDA,ELAINE LEITE DE CAMARGO MIRANDA,PL
Tatuí,VEREADOR,RENAN CORTEZ,RENAN CORTEZ,MDB
Tatuí,VEREADOR,VADE MANOEL É INCLUSÃO,VADE MANOEL FERREIRA,REPUBLICANOS
Tatuí,VEREADOR,PAULINHO MOTOS,PAULO SERGIO DE ALMEIDA MARTINS,PSD
Tatuí,VEREADOR,CINTIA YAMAMOTO,CINTIA YAMAMOTO SOARES,PP
Tatuí,VEREADOR,GABRIELA XAVIER PROTETORA,GABRIELA XAVIER MENDES COITO,PODE
Tatuí,VEREADOR,MICHELI VAZ,MICHELI CRISTINA TOSTA GIBIN VAZ,PSD
Tatuí,VEREADOR,MARCIO DO SANTA RITA,MARCIO ANTONIO DE CAMARGO,PP
Tatuí,VEREADOR,LEANDRO MAGRÃO,LEANDRO DE CAMARGO BARROS,MDB
Tatuí,VICE-PREFEITO,MARQUINHO DA SANTA CASA,ANTONIO MARCOS DE ABREU,REPUBLICANOS
