cod_ibge,municipio,exercicio,fpm,receitas_correntes,dependencia_pct,origem
3500204,Adolfo,2024,17487861.01,47181911.01,37.06,siconfi-dca
3500758,Alambari,2024,17487861.01,43755421.28,39.97,siconfi-dca
3500907,Altair,2024,17487861.01,42377030.11,41.27,siconfi-dca
3501152,Alumínio,2024,34404638.24,176139873.71,19.53,siconfi-dca
3502002,Analândia,2024,17487861.01,58009859.47,30.15,siconfi-dca
3502200,Angatuba,2024,40805009.01,163608874.51,24.94,siconfi-dca
3502754,Araçariguama,2024,34975722.04,240825673.07,14.52,siconfi-dca
3502903,Araçoiaba da Serra,2024,46634296.0,223049907.07,20.91,siconfi-dca
3504602,Bady Bassitt,2024,38520385.62,169539762.16,22.72,siconfi-dca
3505401,Barra do Turvo,2024,17442494.09,67453093.52,25.86,siconfi-dca
3507001,Boituva,2024,69766964.18,411974510.74,16.93,siconfi-dca
3504800,Bálsamo,2024,17487861.01,56930993.5,30.72,siconfi-dca
3509254,Cajati,2024,40805009.01,213219442.53,19.14,siconfi-dca
3509452,Campina do Monte Alegre,2024,17487861.01,46466031.27,37.64,siconfi-dca
3509908,Cananéia,2024,23317148.02,94476843.6,24.68,siconfi-dca
3510302,Capela do Alto,2024,34975722.04,131973005.66,26.5,siconfi-dca
3511300,Cedral,2024,23317148.02,94165623.59,24.76,siconfi-dca
3511508,Cerquilho,2024,58292870.03,284494362.74,20.49,siconfi-dca
3511607,Cesário Lange,2024,35118492.99,120295333.78,29.19,siconfi-dca
3512704,Corumbataí,2024,17487861.01,51053389.55,34.25,siconfi-dca
3514809,Eldorado,2024,28488177.41,93667223.15,30.41,siconfi-dca
3517505,Guapiaçu,2024,34746998.87,140291053.13,24.77,siconfi-dca
3518503,Guareí,2024,34302091.15,89787477.87,38.2,siconfi-dca
3519402,Ibirá,2024,22677183.5,76695824.42,29.57,siconfi-dca
3519709,Ibiúna,2024,75780731.0,389950496.71,19.43,siconfi-dca
3519808,Icém,2024,17487861.01,75793687.13,23.07,siconfi-dca
3520301,Iguape,2024,45929918.49,185667364.97,24.74,siconfi-dca
3520426,Ilha Comprida,2024,23317148.02,137937400.24,16.9,siconfi-dca
3521002,Iperó,2024,51743832.18,196770370.97,26.3,siconfi-dca
3521101,Ipeúna,2024,17487861.01,60671448.32,28.82,siconfi-dca
3521150,Ipiguá,2024,20658147.33,46305695.71,44.61,siconfi-dca
3521200,Iporanga,2024,17487861.01,46832394.58,37.34,siconfi-dca
3521507,Irapuã,2024,17487861.01,47978765.49,36.45,siconfi-dca
3522307,Itapetininga,2024,142739181.39,840532099.82,16.98,siconfi-dca
3523909,Itu,2024,142739181.39,1330535564.72,10.73,siconfi-dca
3524501,Jaci,2024,17487861.01,62148678.92,28.14,siconfi-dca
3524600,Jacupiranga,2024,34302091.15,104574760.87,32.8,siconfi-dca
3528106,Macaubal,2024,20658147.33,53612319.89,38.53,siconfi-dca
3528403,Mairinque,2024,58292870.03,269828818.47,21.6,siconfi-dca
3529500,Mendonça,2024,17487861.01,60517583.12,28.9,siconfi-dca
3529906,Miracatu,2024,34975722.04,130748165.31,26.75,siconfi-dca
3532504,Neves Paulista,2024,17487861.01,58359901.09,29.97,siconfi-dca
3534005,Onda Verde,2024,17487861.01,53144423.17,32.91,siconfi-dca
3536208,Pariquera-Açu,2024,34975722.04,97304514.56,35.94,siconfi-dca
3540507,Porangaba,2024,23320187.11,67230528.19,34.69,siconfi-dca
3545308,Salto de Pirapora,2024,57557745.87,271763960.22,21.18,siconfi-dca
3551108,Sarapuí,2024,23307859.3,65713280.65,35.47,siconfi-dca
3554656,Torre de Pedra,2024,18108889.12,29268634.26,61.87,siconfi-dca
3555356,Ubarana,2024,17488292.35,56289083.93,31.07,siconfi-dca
3555604,Uchoa,2024,23317148.02,73558582.49,31.7,siconfi-dca
3555703,União Paulista,2024,20658147.33,30701360.8,67.29,siconfi-dca
3556008,Urupês,2024,29146434.98,98841749.2,29.49,siconfi-dca
3557006,Votorantim,2024,99097879.04,648753476.25,15.28,siconfi-dca
