posicao,deputado,partido,na_planilha_fabio,deputado_fabio,autorizado_pfc,pago_pfc,fatia_pfc_pct,n_emendas_pfc,n_municipios_pfc,municipio_top,autorizado_municipio_top,municipios_pfc,autorizado_geral_sem_te
1,Itamar Borges,MDB,False,,10873300.0,10143300.0,31.8,105,29,SÃO JOSÉ DO RIO PRETO,6748300.0,SÃO JOSÉ DO RIO PRETO; MIRASSOL; JOSÉ BONIFÁCIO; MIRANTE DO PARANAPANEMA; OLÍMPIA; PIRAPOZINHO; COLINA; PIRAJUÍ; GUARARAPES; GUARATINGUETÁ; DRACENA; ANDRADINA; VALENTIM GENTIL; PIQUETE; BOCAINA; ELDORADO; GUAÍRA; MERIDIANO; PEREIRA BARRETO; SÃO CARLOS; BADY BASSITT; BANANAL; GENERAL SALGADO; LINS; SANTA FÉ DO SUL; TANABI; VALPARAÍSO; PIRATININGA; IBATÉ,34169717.0
2,Professora Bebel,PT,True,Professora Bebel,9971659.5,8380000.0,30.2,134,59,SÃO PAULO,1743659.5,SÃO PAULO; PIRACICABA; TATUÍ; PENÁPOLIS; SÃO PEDRO; TAQUARITINGA; CAMPINAS; ÁGUAS DE SÃO PEDRO; BEBEDOURO; EMBU-GUAÇU; IRACEMÁPOLIS; JACAREÍ; NOVA ODESSA; RIO DAS PEDRAS; VALINHOS; RIBEIRÃO PRETO; MATÃO; MONTE AZUL PAULISTA; SOROCABA; LINS; CAPIVARI; GUARULHOS; TORRINHA; ATIBAIA; LUIZIÂNIA; ITAPEVA; ITAQUAQUECETUBA; JANDIRA; JUQUITIBA; SANTA FÉ DO SUL; CUBATÃO; ITAPEVI; AMPARO; CARAPICUÍBA; CERQUEIRA CÉSAR; COTIA; CRUZEIRO; HORTOLÂNDIA; JABOTICABAL; PRESIDENTE VENCESLAU; RAFARD; REGISTRO; RIO CLARO; BARRA BONITA; ITU; EMILIANÓPOLIS; SANTA BÁRBARA D'OESTE; SUMARÉ; SANTO ANDRÉ; PRESIDENTE PRUDENTE; LENÇÓIS PAULISTA; PIACATU; SANTANA DA PONTE PENSA; SÃO SEBASTIÃO; TABOÃO DA SERRA; ARAÇATUBA; CAÇAPAVA; BARRETOS; SALTINHO,33049717.0
3,Valdomiro Lopes,PSB,False,,9376120.0,8696707.41,43.3,76,32,SÃO JOSÉ DO RIO PRETO,3126120.0,SÃO JOSÉ DO RIO PRETO; GUAÍRA; MIRASSOL; VALENTIM GENTIL; NHANDEARA; MONÇÕES; MONTE APRAZÍVEL; NOVA GRANADA; BARRETOS; GUZOLÂNDIA; NIPOÃ; OUROESTE; INDIAPORÃ; JOSÉ BONIFÁCIO; BADY BASSITT; CEDRAL; GENERAL SALGADO; IRAPUÃ; ALTAIR; APARECIDA D'OESTE; GUARACI; ITUVERAVA; NEVES PAULISTA; MACAUBAL; BURITAMA; URUPÊS; FLOREAL; SALES; TANABI; SÃO PAULO; VOTUPORANGA; GASTÃO VIDIGAL,21642398.0
4,Emidio de Souza,PT,False,,8613020.13,6712757.51,25.9,83,20,OSASCO,3050000.0,OSASCO; SÃO PAULO; SÃO JOSÉ DOS CAMPOS; JAÚ; GUARULHOS; CESÁRIO LANGE; GUARATINGUETÁ; TABOÃO DA SERRA; EMBU DAS ARTES; AGUDOS; ARTUR NOGUEIRA; ITAPEVA; DIADEMA; PRAIA GRANDE; SÃO LOURENÇO DA SERRA; SERRANA; AREIÓPOLIS; MONTEIRO LOBATO; PIRACICABA; QUELUZ,33228929.14
5,Rafael Silva,PSD,False,,7933439.0,7933439.0,24.3,55,17,RIBEIRÃO PRETO,3640120.0,RIBEIRÃO PRETO; BATATAIS; PONTAL; ALTINÓPOLIS; TAQUARITINGA; SERRANA; VIRADOURO; PIRANGI; CRAVINHOS; FRANCA; SERRA AZUL; CAJOBI; CAJURU; CÂNDIDO RODRIGUES; JABOTICABAL; SANTA RITA DO PASSA QUATRO; DESCALVADO,32669717.0
6,Luiz Fernando T Ferreira,PT,False,,7353139.0,5240000.0,21.5,66,19,SÃO BERNARDO DO CAMPO,3050000.0,SÃO BERNARDO DO CAMPO; SÃO PAULO; CACONDE; MOGI GUAÇU; PERUÍBE; CASA BRANCA; MOCOCA; PARAIBUNA; SALTO; VOTORANTIM; SANTOS; SANTO ANDRÉ; ÁGUAS DA PRATA; SÃO JOSÉ DO RIO PARDO; FRANCO DA ROCHA; SANTA RITA DO PASSA QUATRO; CAMPINAS; SÃO JOÃO DA BOA VISTA; ESPÍRITO SANTO DO PINHAL,34169717.0
7,Paulo Fiorilo,PT,False,,7034259.0,6274259.0,21.8,94,40,SÃO PAULO,2744259.0,SÃO PAULO; JALES; DIADEMA; GUARULHOS; BAURU; SANTA CRUZ DAS PALMEIRAS; SANTO ANASTÁCIO; LEME; PIRASSUNUNGA; TAQUARITINGA; FARTURA; ANDRADINA; JABOTICABAL; OSASCO; PRESIDENTE PRUDENTE; IBITINGA; RIBEIRÃO GRANDE; TAGUAÍ; BARRINHA; PRESIDENTE VENCESLAU; REGISTRO; FERRAZ DE VASCONCELOS; VALENTIM GENTIL; APIAÍ; FERNANDÓPOLIS; IPAUSSU; SANTA ALBERTINA; CAMPINAS; CARDOSO; ILHA SOLTEIRA; PALMEIRA D'OESTE; SÃO MIGUEL ARCANJO; PONTAL; ESPÍRITO SANTO DO PINHAL; PRESIDENTE EPITÁCIO; SÃO JOÃO DA BOA VISTA; TAMBAÚ; VOTUPORANGA; RIBEIRÃO PRETO; SANTA FÉ DO SUL,32269717.0
8,Leonardo Siqueira,NOVO,True,Leonardo Siqueira,6860406.0,5722000.0,29.1,26,7,SÃO PAULO,4616406.0,SÃO PAULO; TAUBATÉ; CAMPINAS; ARARAQUARA; SÃO JOÃO DA BOA VISTA; RIBEIRÃO PRETO; PIRACICABA,23542398.0
9,Ricardo Madalena,PL,False,,6430120.0,6130120.0,19.1,81,44,CÂNDIDO MOTA,500000.0,CÂNDIDO MOTA; BARIRI; SANTA CRUZ DO RIO PARDO; TUPÃ; JAÚ; SÃO PEDRO DO TURVO; ASSIS; AVARÉ; MANDURI; OURINHOS; IACANGA; IBITINGA; CERQUEIRA CÉSAR; QUATÁ; GENERAL SALGADO; PIRAJU; BERNARDINO DE CAMPOS; TIETÊ; DUARTINA; ITAPECERICA DA SERRA; RIBEIRÃO DO SUL; ROSANA; CHAVANTES; IPAUSSU; MURUTINGA DO SUL; NARANDIBA; PARANAPANEMA; SANTO ANASTÁCIO; TEJUPÁ; INÚBIA PAULISTA; LUCÉLIA; AREALVA; BOCAINA; FARTURA; REGISTRO; CASTILHO; MIGUELÓPOLIS; RANCHARIA; ADAMANTINA; IPERÓ; ITAPORANGA; JABOTICABAL; PALMITAL; SÃO PAULO,33749717.0
10,Márcia Lia,PT,False,,6360278.0,4830278.0,19.8,74,39,ARARAQUARA,745000.0,ARARAQUARA; MATÃO; ITÁPOLIS; SÃO MANUEL; SÃO PAULO; JABOTICABAL; TAQUARITINGA; SÃO CARLOS; BARRINHA; OSASCO; JANDIRA; JAÚ; AMÉRICO BRASILIENSE; BOTUCATU; CARAPICUÍBA; BIRIGUI; CAPIVARI; FRANCA; IGARAPAVA; ITAPUÍ; ITUVERAVA; JABORANDI; MAIRINQUE; PEDREGULHO; PORTO FELIZ; SÃO JOAQUIM DA BARRA; SÃO JOSÉ DA BELA VISTA; TUPI PAULISTA; MIGUELÓPOLIS; RINCÃO; VOTUPORANGA; BARRA BONITA; DOIS CÓRREGOS; RIBEIRÃO BONITO; MONTE AZUL PAULISTA; HORTOLÂNDIA; IBATÉ; RIBEIRÃO PRETO; JUQUITIBA,32184717.0
11,Barros Munhoz,PSD,False,,6312398.0,6162398.0,19.3,41,9,ITAPIRA,4516278.0,ITAPIRA; NOVA ODESSA; SANTA CRUZ DAS PALMEIRAS; CACONDE; TAPIRATIBA; MOCOCA; ARTUR NOGUEIRA; MOGI GUAÇU; MOGI MIRIM,32769717.0
12,Delegada Graciela,PL,False,,6210278.0,5260278.0,19.1,47,21,FRANCA,1580278.0,FRANCA; SÃO JOAQUIM DA BARRA; PATROCÍNIO PAULISTA; CRAVINHOS; GUAÍRA; AVARÉ; ITÁPOLIS; JABOTICABAL; BURI; IGARAPAVA; SÃO JOSÉ DA BELA VISTA; ITUVERAVA; MIGUELÓPOLIS; COLINA; DESCALVADO; NUPORANGA; ARAMINA; CÁSSIA DOS COQUEIROS; TAQUARITINGA; IRAPUÃ; IPUÃ,32499717.0
13,Carlos Giannazi,PSOL,True,Carlos Giannazi,6170000.0,5170000.0,18.1,37,16,GUARULHOS,870000.0,GUARULHOS; BOFETE; ITÁPOLIS; PRESIDENTE PRUDENTE; SANTA CRUZ DO RIO PARDO; BORBOREMA; ITATINGA; SÃO PAULO; GENERAL SALGADO; SANTO ANASTÁCIO; BAURU; COLINA; CONCHAS; BOTUCATU; TABATINGA; JABOTICABAL,34169717.0
14,Andréa Werner,PSB,True,Andréa Werner,5880000.0,4640000.0,24.9,40,24,SÃO PAULO,1200000.0,SÃO PAULO; CAMPINAS; PIRACICABA; MAUÁ; GUARULHOS; SOROCABA; JAÚ; SANTA BÁRBARA D'OESTE; SANTANA DE PARNAÍBA; SUMARÉ; VINHEDO; ITANHAÉM; JACAREÍ; CAMPINA DO MONTE ALEGRE; CABREÚVA; COTIA; TAUBATÉ; UBATUBA; MAIRINQUE; OSASCO; OURINHOS; PIRAJUÍ; SANTO ANDRÉ; VALINHOS,23642398.0
15,Léo Oliveira,MDB,False,,5866120.0,5066120.0,19.0,67,16,RIBEIRÃO PRETO,2000000.0,RIBEIRÃO PRETO; BRODOWSKI; SERTÃOZINHO; GUARÁ; CRAVINHOS; BATATAIS; MONTE ALTO; SERRA AZUL; DIVINOLÂNDIA; CAJURU; MIGUELÓPOLIS; NUPORANGA; SANTO ANTÔNIO DA ALEGRIA; RINCÃO; TAQUARITINGA; PITANGUEIRAS,30806057.5
16,Leticia Aguiar,PL,False,,5650000.0,5360000.0,16.7,96,48,SÃO JOSÉ DOS CAMPOS,1400000.0,SÃO JOSÉ DOS CAMPOS; CACHOEIRA PAULISTA; IPAUSSU; CAMPOS DO JORDÃO; PEDERNEIRAS; GARÇA; JACAREÍ; VALINHOS; OLÍMPIA; ILHABELA; JABOTICABAL; OSVALDO CRUZ; PIRAJU; PONTAL; SALMOURÃO; CAPÃO BONITO; POTIRENDABA; SANTA CRUZ DO RIO PARDO; SANTO ANTÔNIO DO PINHAL; JAMBEIRO; SÃO JOSÉ DO RIO PARDO; UBIRAJARA; ÓLEO; GUARATINGUETÁ; CATANDUVA; LUIZIÂNIA; ASSIS; CORDEIRÓPOLIS; CRUZEIRO; ITÁPOLIS; ITIRAPINA; MIRASSOL; PINDORAMA; TAUBATÉ; VIRADOURO; ADAMANTINA; BRODOWSKI; CAÇAPAVA; CLEMENTINA; CRAVINHOS; FLÓRIDA PAULISTA; ITAPIRA; PARAIBUNA; PARAPUÃ; BERNARDINO DE CAMPOS; LIMEIRA; LORENA; MONTEIRO LOBATO,33809717.0
17,Ana Perugini,PT,False,,5366511.19,1546616.13,25.6,19,10,HORTOLÂNDIA,3866511.19,HORTOLÂNDIA; BERNARDINO DE CAMPOS; PAULICÉIA; BATATAIS; CAMPINAS; SUZANÁPOLIS; ESPÍRITO SANTO DO TURVO; INDIAPORÃ; PALMITAL; TUPÃ,20942397.99
18,Beth Sahão,PT,False,,5266120.0,5066120.0,24.7,88,31,CATANDUVA,1560000.0,CATANDUVA; SÃO PAULO; MIRASSOL; SANTO ANASTÁCIO; MATÃO; SÃO JOSÉ DO RIO PRETO; IBITINGA; IACANGA; NOVO HORIZONTE; ITÁPOLIS; JOSÉ BONIFÁCIO; TAQUARITINGA; RANCHARIA; TABOÃO DA SERRA; JAÚ; SANTA ADÉLIA; SÃO JOSÉ DOS CAMPOS; BARRA BONITA; BOCAINA; BOTUCATU; ÁLVARES MACHADO; PROMISSÃO; OLÍMPIA; URUPÊS; AGUDOS; MONTE ALTO; MONTE AZUL PAULISTA; PINDORAMA; BARRETOS; SEVERÍNIA; GUARULHOS,21352398.0
19,Carla Morando,PSD,False,,5130000.0,5030000.0,21.9,106,15,SÃO BERNARDO DO CAMPO,3600000.0,SÃO BERNARDO DO CAMPO; SANTO ANDRÉ; DIADEMA; AVARÉ; SÃO CAETANO DO SUL; PRESIDENTE PRUDENTE; JAÚ; SÃO PAULO; PRESIDENTE BERNARDES; ARAÇOIABA DA SERRA; BAURU; COTIA; MIRASSOL; RIO GRANDE DA SERRA; RIBEIRÃO PIRES,23414858.5
20,Vinicius Almeida Camarinha,PSDB,False,,5010000.0,4960000.0,23.6,97,39,MARÍLIA,810000.0,MARÍLIA; ASSIS; LINS; PROMISSÃO; AGUDOS; RANCHARIA; PARAGUAÇU PAULISTA; CÂNDIDO MOTA; BASTOS; CERQUEIRA CÉSAR; TARUMÃ; LENÇÓIS PAULISTA; PRESIDENTE ALVES; CAMPOS NOVOS PAULISTA; GARÇA; AVARÉ; CAFELÂNDIA; MACATUBA; OURINHOS; SALMOURÃO; SALTO GRANDE; TUPÃ; ÁLVARO DE CARVALHO; CRUZÁLIA; QUATÁ; PRESIDENTE BERNARDES; DUARTINA; JÚLIO MESQUITA; SANTA CRUZ DO RIO PARDO; VERA CRUZ; POMPEIA; CHAVANTES; GETULINA; OSVALDO CRUZ; PARAPUÃ; PLATINA; TIMBURI; UBIRAJARA; BURITAMA,21263439.0
21,Carlão Pignatari,PSD,False,,4925000.0,4925000.0,14.4,63,7,VOTUPORANGA,4275000.0,VOTUPORANGA; MACAUBAL; MENDONÇA; ADOLFO; RIOLÂNDIA; SÃO JOSÉ DO RIO PRETO; CATANDUVA,34169717.0
22,Thainara Faria,PT,False,,4898060.0,4448060.0,22.2,48,25,RINCÃO,1050000.0,RINCÃO; SÃO CARLOS; SERRANA; IGARAPAVA; ARARAQUARA; CÂNDIDO RODRIGUES; RIBEIRÃO BONITO; SÃO SIMÃO; EMBU DAS ARTES; JABOTICABAL; SÃO PAULO; SANTA LÚCIA; BARRETOS; IACANGA; NAZARÉ PAULISTA; NOVA EUROPA; RIBEIRÃO BRANCO; SANTA ROSA DE VITERBO; SERRA AZUL; MATÃO; FERNANDÓPOLIS; MOCOCA; SÃO JOAQUIM DA BARRA; ITUVERAVA; RIBEIRÃO PRETO,22092398.0
23,Major Mecca,PL,False,,4887236.85,4787236.85,14.3,61,26,AVARÉ,1529097.85,AVARÉ; SÃO PAULO; RINCÃO; LINS; JACAREÍ; RUBINEIA; SÃO CARLOS; SANTA FÉ DO SUL; ANDRADINA; CERQUEIRA CÉSAR; GUARULHOS; RIBEIRÃO PRETO; SOROCABA; VARGEM GRANDE DO SUL; CAMPINAS; PALMITAL; TAUBATÉ; DESCALVADO; SABINO; TAQUARITUBA; RIO CLARO; CACONDE; PIRACICABA; SANTA RITA DO PASSA QUATRO; MARÍLIA; SANTOS,34069717.0
24,Helio Donizete Zanatta,PSD,False,,4876120.0,4876120.0,44.4,69,28,PIRACICABA,1920000.0,PIRACICABA; MANDURI; LENÇÓIS PAULISTA; SÃO PEDRO; CERQUEIRA CÉSAR; REGENTE FEIJÓ; PIRAPOZINHO; RIBEIRÃO PIRES; SANTA GERTRUDES; BASTOS; IPEÚNA; LARANJAL PAULISTA; PIRAJU; PRESIDENTE EPITÁCIO; PRESIDENTE VENCESLAU; SANTO ANASTÁCIO; SÃO PAULO; PRESIDENTE BERNARDES; CACONDE; ANDRADINA; MARTINÓPOLIS; OSVALDO CRUZ; PARAPUÃ; PIACATU; TEODORO SAMPAIO; VALPARAÍSO; IEPÊ; SALMOURÃO,10976120.0
25,Caio França,PSB,True,Caio França,4679078.0,3608078.0,18.1,55,20,SÃO VICENTE,1043650.0,SÃO VICENTE; SANTO ANDRÉ; CUBATÃO; REGISTRO; SANTOS; SÃO PAULO; MAUÁ; INDAIATUBA; SALTO; ITAPETININGA; PARIQUERA-AÇU; PERUÍBE; RIO GRANDE DA SERRA; IPERÓ; MAIRINQUE; PRAIA GRANDE; PORTO FERREIRA; PIRACICABA; BERTIOGA; RIBEIRÃO PIRES,25817719.5
26,Delegado Olim,PP,False,,4667535.0,3917535.0,14.8,34,14,SÃO PAULO,1892578.0,SÃO PAULO; OSASCO; SÃO BERNARDO DO CAMPO; BURITAMA; CAMPINAS; SANTO ANDRÉ; OLÍMPIA; FRANCISCO MORATO; PENÁPOLIS; PRESIDENTE PRUDENTE; TAMBAÚ; MONGAGUÁ; SANTANA DE PARNAÍBA; SÃO VICENTE,31619717.0
27,Marina Helou,PSB,True,Marina Helou,4660000.0,2860000.0,14.8,51,20,SÃO PAULO,1850000.0,SÃO PAULO; MAIRIPORÃ; SOROCABA; SUMARÉ; RINCÃO; TAQUARITUBA; BERTIOGA; SÃO SEBASTIÃO; BARRA BONITA; BAURU; LIMEIRA; CAMPINAS; SÃO JOSÉ DO RIO PARDO; GUARULHOS; PIRACICABA; SANTANA DE PARNAÍBA; SANTO ANDRÉ; VINHEDO; DESCALVADO; SÃO CARLOS,31479717.0
28,Luiz Claudio Marcolino,PT,False,,4500000.0,3750000.0,19.0,40,20,SÃO PAULO,2050000.0,SÃO PAULO; GUARIBA; ARARAS; TAUBATÉ; NOVA INDEPENDÊNCIA; PARAIBUNA; BADY BASSITT; CANANÉIA; PRADÓPOLIS; ÁLVARES MACHADO; BEBEDOURO; PIRACICABA; TAIAÇU; SUZANO; IRACEMÁPOLIS; CACHOEIRA PAULISTA; SANTOS; BARRINHA; PAULO DE FARIA; RIBEIRÃO PRETO,23642398.0
29,Daniel José,PODE,False,,4463659.5,4463659.5,42.4,1,1,SÃO PAULO,4463659.5,SÃO PAULO,10527319.0
30,Rogério Nogueira,PSD,True,Rogério Nogueira,4429779.5,4314779.5,13.1,16,11,ELIAS FAUSTO,3000000.0,ELIAS FAUSTO; INDAIATUBA; SALTO; ITU; ITATIBA; ARARAS; TATUÍ; PALMITAL; SÃO PAULO; ARTUR NOGUEIRA; CAPIVARI,33919717.0
31,Lucas Bove,PL,False,,4270149.0,3270149.0,18.1,45,21,SÃO PAULO,1001010.0,SÃO PAULO; BEBEDOURO; BAURU; DOIS CÓRREGOS; HOLAMBRA; BIRIGUI; ITUPEVA; AMPARO; DIADEMA; MOCOCA; SÃO JOSÉ DOS CAMPOS; PRESIDENTE PRUDENTE; SÃO PEDRO; PEDERNEIRAS; ARAÇATUBA; IBIÚNA; PIRACICABA; PIRAJUÍ; SANTO ANDRÉ; TORRINHA; BARRETOS,23642398.0
32,Rafa Zimbaldi,CIDADANIA,False,,4046278.0,4046278.0,14.3,35,8,CAMPINAS,2690000.0,CAMPINAS; ESTIVA GERBI; VALINHOS; SANTA RITA DO PASSA QUATRO; MOGI MIRIM; UBATUBA; SALTO; CACONDE,28389717.0
33,Dani Alonso,PL,False,,3800000.0,3700000.0,18.9,46,19,MARÍLIA,1600000.0,MARÍLIA; BAURU; GARÇA; IBIRÁ; TUPÃ; CHAVANTES; LENÇÓIS PAULISTA; OURINHOS; SÃO MANUEL; BARRINHA; BASTOS; PIRAPOZINHO; PIRATININGA; ASSIS; CABRÁLIA PAULISTA; CÂNDIDO MOTA; RINCÃO; SÃO LUÍZ DO PARAITINGA; TIMBURI,20142398.0
34,Monica Seixas do Movimento Pretas,PSOL,True,Monica Seixas,3745337.5,1860000.0,11.7,36,14,SÃO PAULO,1485337.5,SÃO PAULO; ITU; SÃO VICENTE; TABOÃO DA SERRA; OSASCO; POÁ; SÃO BERNARDO DO CAMPO; PEDRO DE TOLEDO; MONTE ALEGRE DO SUL; RIO CLARO; BAURU; JUQUITIBA; MONGAGUÁ; SOROCABA,31958717.0
35,Mauro Bragato,PSD,True,Mauro Bragato,3696120.0,3596120.0,16.0,58,13,PRESIDENTE PRUDENTE,1516120.0,PRESIDENTE PRUDENTE; DRACENA; RANCHARIA; PIRAPOZINHO; OURINHOS; MIRANTE DO PARANAPANEMA; ADAMANTINA; BERNARDINO DE CAMPOS; OSVALDO CRUZ; ASSIS; PARAGUAÇU PAULISTA; IBIRAREMA; ÁLVARES MACHADO,23151120.0
36,Marcio Nakashima,PSD,False,,3650000.0,3500000.0,12.9,46,12,GUARULHOS,1650000.0,GUARULHOS; SANTA CRUZ DAS PALMEIRAS; ITAQUAQUECETUBA; SÃO PAULO; JAÚ; CAMPOS DO JORDÃO; LENÇÓIS PAULISTA; CAPÃO BONITO; PIRACAIA; TAMBAÚ; JACAREÍ; TAUBATÉ,28369717.0
37,Patrícia Gama,PSDB,False,,3500000.0,2000000.0,34.7,2,2,AMÉRICO BRASILIENSE,2000000.0,AMÉRICO BRASILIENSE; SÃO PAULO,10077319.0
38,Rogério Santos,MDB,False,,3500000.0,3300000.0,18.5,24,11,SÃO PAULO,1435000.0,SÃO PAULO; POMPEIA; CACHOEIRA PAULISTA; OSASCO; ARAÇATUBA; BAURU; SANTA ADÉLIA; VALPARAÍSO; PIEDADE; TEODORO SAMPAIO; MARÍLIA,18962398.0
39,Ricardo França,PODE,False,,3200000.0,3100000.0,13.6,36,2,INDAIATUBA,3100000.0,INDAIATUBA; CAPIVARI,23542398.0
40,Maria Lúcia Amary,PSD,True,Maria Lúcia Amary,3076278.0,2576278.0,9.0,37,10,PIEDADE,850000.0,PIEDADE; PILAR DO SUL; SARAPUÍ; SÃO MIGUEL ARCANJO; ITU; SÃO MANUEL; IBIÚNA; ANGATUBA; SOROCABA; JUMIRIM,34169717.0
41,Tomé Abduch,REPUBLICANOS,False,,3050000.0,2460000.0,12.9,16,6,SÃO PAULO,1800000.0,SÃO PAULO; PINDAMONHANGABA; GUARULHOS; CAMPOS DO JORDÃO; SOROCABA; LIMEIRA,23642398.0
42,Sebastião Santos,REPUBLICANOS,False,,3043660.0,3043660.0,9.7,14,5,BARRETOS,2043660.0,BARRETOS; SÃO PAULO; GUARUJÁ; URÂNIA; SÃO JOSÉ DO RIO PRETO,31361657.0
43,Vitão do Cachorrão,REPUBLICANOS,True,Vitão do Cachorrão,2910000.0,2060000.0,12.3,44,20,SOROCABA,1330000.0,SOROCABA; ARARAS; IPERÓ; SARAPUÍ; CAMPINAS; CONCHAL; CERQUILHO; ITAPEVA; ARAÇARIGUAMA; PIRAJU; TAQUARITUBA; SÃO PAULO; BOTUCATU; FARTURA; GUAPIARA; GUAREÍ; MANDURI; SÃO MIGUEL ARCANJO; IBIRAREMA; ITU,23642398.0
44,Murilo Berbet Avigo Félix,PODE,False,,2727319.0,1200000.0,25.9,8,5,ITANHAÉM,1075000.0,ITANHAÉM; SÃO VICENTE; ILHA SOLTEIRA; LIMEIRA; SÃO CARLOS,10527319.0
45,Dr. Eduardo Nóbrega,MDB,False,,2720000.0,2440000.0,11.5,13,8,CAPIVARI,1040000.0,CAPIVARI; SOROCABA; JUQUITIBA; TABOÃO DA SERRA; EMBU-GUAÇU; ITAPECERICA DA SERRA; SÃO PAULO; ITAPORANGA,23642398.0
46,Bruno Zambelli,PL,False,,2670120.0,2600000.0,11.3,6,3,BARUERI,2000000.0,BARUERI; SÃO JOSÉ DO RIO PRETO; TAQUARITINGA,23642398.0
47,Frederico D'avila,PL,False,,2480319.0,1347319.0,25.5,14,10,SÃO PAULO,733000.0,SÃO PAULO; BURI; PARANAPANEMA; APIAÍ; ITUVERAVA; PILAR DO SUL; SETE BARRAS; PALMITAL; PONTAL; PLATINA,9730319.0
48,Analice Fernandes,PSD,False,,2480000.0,2180000.0,8.3,23,15,JUQUITIBA,300000.0,JUQUITIBA; SÃO LOURENÇO DA SERRA; MIRASSOLÂNDIA; ALTINÓPOLIS; GARÇA; PITANGUEIRAS; EMBU DAS ARTES; TABOÃO DA SERRA; JOSÉ BONIFÁCIO; JALES; SÃO PAULO; FERNANDÓPOLIS; GUAPIAÇU; PINDORAMA; ITAPECERICA DA SERRA,29769717.0
49,Guto Zacarias,MISSÃO,False,,2250000.0,2050000.0,9.9,9,6,SÃO PAULO,800000.0,SÃO PAULO; SÃO JOSÉ DOS CAMPOS; SOROCABA; SANTO ANDRÉ; MOGI MIRIM; MERIDIANO,22642398.0
50,Clarice Ganem,PODE,False,,2250000.0,2250000.0,9.7,24,4,INDAIATUBA,1800000.0,INDAIATUBA; SANTA BÁRBARA D'OESTE; CAMPINAS; UBATUBA,23142398.0
51,Simão Pedro,PT,False,,2220000.0,1890000.0,9.4,22,7,SÃO PAULO,1610000.0,SÃO PAULO; SÃO JOÃO DA BOA VISTA; JACAREÍ; REGISTRO; JANDIRA; MOGI GUAÇU; PRESIDENTE EPITÁCIO,23642398.0
52,Atila Jacomussi,PRD,False,,2212278.0,1076000.0,9.4,12,6,MAUÁ,726000.0,MAUÁ; CAIEIRAS; SÃO PAULO; PEDRO DE TOLEDO; IGARAPAVA; PALMARES PAULISTA,23642398.0
53,Rodrigo Moraes,PL,True,Rodrigo Moraes,2200000.0,1700000.0,7.1,24,7,ITU,650000.0,ITU; ILHA COMPRIDA; IGUAPE; SÃO PAULO; SANTO ANDRÉ; SÃO BERNARDO DO CAMPO; MOGI DAS CRUZES,30969717.0
54,Enio Tatto,PT,False,,2200000.0,2000000.0,9.2,18,9,CUBATÃO,800000.0,CUBATÃO; EMBU-GUAÇU; SÃO PAULO; JUQUITIBA; ILHA COMPRIDA; EMBU DAS ARTES; PALMITAL; SUZANO; ITAPECERICA DA SERRA,23941657.0
55,Guilherme Cortez,PSOL,False,,2198418.0,1798418.0,9.4,20,4,FRANCA,1700000.0,FRANCA; SÃO PAULO; SUZANO; BARRA BONITA,23342398.0
56,Agente Federal Danilo Balas,PL,True,Danilo Balas,2148620.0,2018620.0,6.3,19,12,SOROCABA,766120.0,SOROCABA; SÃO PAULO; ARAÇOIABA DA SERRA; PILAR DO SUL; VOTORANTIM; ARARAS; GUARATINGUETÁ; PIEDADE; PIRAJU; SÃO MIGUEL ARCANJO; RIO CLARO; SÃO PEDRO,34109717.0
57,Marta Costa,PSD,False,,2127319.0,1427319.0,6.5,35,19,NOVA ODESSA,400000.0,NOVA ODESSA; OSASCO; SÃO PAULO; CAMPINAS; PINDAMONHANGABA; JOSÉ BONIFÁCIO; SANTA CRUZ DO RIO PARDO; SÃO JOSÉ DOS CAMPOS; EMBU-GUAÇU; IPEÚNA; JUNDIAÍ; ITATIBA; MAIRIPORÃ; CRUZEIRO; JACAREÍ; MAUÁ; MOGI DAS CRUZES; GUARATINGUETÁ; ITAPECERICA DA SERRA,32669717.0
58,Edna Macedo,REPUBLICANOS,False,,2100000.0,2100000.0,6.6,17,7,MONGAGUÁ,900000.0,MONGAGUÁ; AMPARO; GUARUJÁ; RIBEIRÃO PRETO; CAMPINAS; SÃO PAULO; PRAIA GRANDE,31769717.0
59,Fabiana Bolsonaro,PL,False,,2087398.0,1357398.0,9.1,16,8,BARRINHA,790000.0,BARRINHA; JABOTICABAL; MATÃO; GUARIBA; PONTAL; MONTE ALTO; PITANGUEIRAS; CAÇAPAVA,22892398.0
60,Sérgio Luiz Victor Júnior,NOVO,False,,1983659.5,1527659.5,19.6,16,8,TAUBATÉ,930000.0,TAUBATÉ; SÃO PAULO; MOGI DAS CRUZES; SÃO JOSÉ DOS CAMPOS; CRUZEIRO; NATIVIDADE DA SERRA; JAMBEIRO; UBATUBA,10127319.0
61,André do Prado,PL,True,André do Prado,1850000.0,1450000.0,5.4,18,8,SANTA BÁRBARA D'OESTE,500000.0,SANTA BÁRBARA D'OESTE; CUNHA; OURINHOS; JACAREÍ; BIRITIBA-MIRIM; BERTIOGA; LARANJAL PAULISTA; JUQUIÁ,34169717.0
62,Tenente Coimbra,PL,False,,1850000.0,1600000.0,6.8,27,17,ITAPETININGA,200000.0,ITAPETININGA; OSASCO; PRESIDENTE PRUDENTE; TAUBATÉ; SANTOS; BRODOWSKI; GUARIBA; IBIRÁ; LORENA; MATÃO; CACHOEIRA PAULISTA; JOSÉ BONIFÁCIO; SÃO JOSÉ DO RIO PRETO; NHANDEARA; GARÇA; MARÍLIA; POÁ,27242398.0
63,Capitão Telhada,PP,False,,1717998.0,1632998.0,7.4,17,14,GUARULHOS,250000.0,GUARULHOS; RIO CLARO; BARIRI; SÃO PAULO; ITARIRI; CAPELA DO ALTO; CONCHAS; DOIS CÓRREGOS; IPAUSSU; ITAPETININGA; PORTO FELIZ; PINDAMONHANGABA; AREALVA; ARARAS,23372398.0
64,Marcelo Aguiar,PL,False,,1700000.0,1700000.0,21.0,7,7,COLINA,600000.0,COLINA; LINS; MOGI GUAÇU; RIBEIRÃO PIRES; DESCALVADO; SÃO PAULO; ESPÍRITO SANTO DO PINHAL,8096470.4
65,Donato,PT,False,,1690000.0,1590000.0,7.4,13,3,SÃO PAULO,1030000.0,SÃO PAULO; DIADEMA; CAMPINAS,22992398.0
66,Gil Diniz,PL,False,,1650000.0,1200000.0,5.2,10,8,SÃO JOSÉ DOS CAMPOS,450000.0,SÃO JOSÉ DOS CAMPOS; SÃO PAULO; IBIRÁ; AVARÉ; MOGI DAS CRUZES; TAQUARITINGA; PIRASSUNUNGA; CATANDUVA,31859717.0
67,Valéria Bolsonaro,PL,False,,1643659.5,1643659.5,8.9,12,10,SÃO PAULO,700000.0,SÃO PAULO; MOGI MIRIM; TAUBATÉ; JAGUARIÚNA; CAMPO LIMPO PAULISTA; SOROCABA; CAPIVARI; CUBATÃO; PAULÍNIA; VALINHOS,18503439.0
68,Leci Brandão,PCDOB,False,,1613319.0,1315000.0,4.8,20,6,SÃO PAULO,993319.0,SÃO PAULO; CAMPINAS; SÃO CARLOS; MOGI DAS CRUZES; POTIM; BARUERI,33369717.0
69,Ana Carolina Serra,PSDB,False,,1550000.0,1050000.0,8.2,21,7,SANTO ANDRÉ,850000.0,SANTO ANDRÉ; SÃO PAULO; LINS; LOUVEIRA; RIO GRANDE DA SERRA; MAUÁ; ITANHAÉM,18826120.0
70,Ortiz Junior,REPUBLICANOS,False,,1514000.0,1034000.0,12.0,17,11,TAUBATÉ,380000.0,TAUBATÉ; CACHOEIRA PAULISTA; CARAGUATATUBA; PIRACICABA; CABRÁLIA PAULISTA; HORTOLÂNDIA; ROSEIRA; SANTO ANTÔNIO DO PINHAL; SÃO PAULO; UBATUBA; APARECIDA,12666278.0
71,Felipe Franco,UNIÃO,False,,1500000.0,1300000.0,6.3,5,5,GUARUJÁ,800000.0,GUARUJÁ; MONGAGUÁ; SETE BARRAS; GUARULHOS; POÁ,23642398.0
72,Eduardo Suplicy,PT,False,,1450358.77,1450358.77,6.1,11,3,SÃO PAULO,1100358.77,SÃO PAULO; SOROCABA; TATUÍ,23642398.0
73,Dr. Elton,UNIÃO,False,,1450000.0,450000.0,6.1,8,3,SÃO JOSÉ DOS CAMPOS,800000.0,SÃO JOSÉ DOS CAMPOS; COTIA; CARAGUATATUBA,23642398.0
74,Campos Machado,AVANTE,False,,1300000.0,220000.0,12.3,7,3,TIETÊ,580000.0,TIETÊ; CACHOEIRA PAULISTA; MONTE APRAZÍVEL,10527319.0
75,Paula da Bancada Feminista,PSOL,False,,1226000.0,300000.0,5.2,15,5,SÃO PAULO,680000.0,SÃO PAULO; ELDORADO; OSASCO; SUZANO; SÃO BERNARDO DO CAMPO,23642397.99
76,Paulo Correa Jr,REPUBLICANOS,False,,1200000.0,950000.0,3.5,8,6,SANTOS,350000.0,SANTOS; PARIQUERA-AÇU; SÃO PAULO; BERTIOGA; RIBEIRÃO PRETO; PERUÍBE,34169717.0
77,Edmir José Abi Chedid,UNIÃO,False,,1150000.0,800000.0,5.5,15,9,SÃO PAULO,200000.0,SÃO PAULO; BASTOS; MOGI GUAÇU; PIEDADE; SANTA CRUZ DAS PALMEIRAS; SUZANO; BRAGANÇA PAULISTA; TABATINGA; ATIBAIA,21003439.0
78,Ediane Maria,PSOL,False,,1140000.0,1040000.0,4.8,12,5,SÃO PAULO,880000.0,SÃO PAULO; LIMEIRA; POTIM; GUARULHOS; BATATAIS,23642398.0
79,Maurici,PT,False,,1140000.0,1140000.0,4.0,10,4,FRANCO DA ROCHA,440000.0,FRANCO DA ROCHA; SÃO PAULO; CUBATÃO; OSASCO,28706719.5
80,Dr Jorge do Carmo,PT,False,,1100000.0,800000.0,5.0,7,3,SÃO PAULO,700000.0,SÃO PAULO; FERRAZ DE VASCONCELOS; OSASCO,21979938.0
81,Isa Penna,PCDOB,False,,1043659.5,200000.0,9.9,4,2,SÃO PAULO,900000.0,SÃO PAULO; TAUBATÉ,10527319.0
82,Marcos Damásio,PL,False,,1015379.0,875379.0,4.8,11,5,MOGI DAS CRUZES,605379.0,MOGI DAS CRUZES; JACAREÍ; SÃO PAULO; MOGI GUAÇU; SANTO ANDRÉ,21169717.0
83,Cezar,PDT,False,,1000000.0,700000.0,15.4,7,4,SANTANA DE PARNAÍBA,500000.0,SANTANA DE PARNAÍBA; PIRAPORA DO BOM JESUS; BERNARDINO DE CAMPOS; MAIRINQUE,6500000.0
84,Reinaldo Alguz,UNIÃO,False,,1000000.0,850000.0,12.9,6,4,POTIRENDABA,500000.0,POTIRENDABA; MIRASSOL; OLÍMPIA; POMPEIA,7777319.0
85,Rodrigo Gambale,PODE,False,,920000.0,450000.0,9.0,5,4,FERRAZ DE VASCONCELOS,500000.0,FERRAZ DE VASCONCELOS; MOGI DAS CRUZES; POÁ; SÃO PAULO,10227319.0
86,Alex Madureira,PL,False,,900000.0,800000.0,2.7,10,5,PIRACICABA,400000.0,PIRACICABA; BASTOS; BURI; SANTO ANTÔNIO DA ALEGRIA; DIVINOLÂNDIA,33169057.0
87,Cauê Macris,PSDB,False,,867319.0,367319.0,9.1,2,2,SANTA GERTRUDES,500000.0,SANTA GERTRUDES; RIO CLARO,9491319.0
88,Dirceu Dalben,PSD,False,,800000.0,750000.0,2.9,10,8,SUMARÉ,250000.0,SUMARÉ; PAULÍNIA; COSMORAMA; ARAMINA; SÃO JOSÉ DA BELA VISTA; TANABI; MORUNGABA; PROMISSÃO,27494557.5
89,Daniel Soares,UNIÃO,False,,800000.0,550000.0,4.0,4,4,DIADEMA,400000.0,DIADEMA; CARAPICUÍBA; SÃO PAULO; UBARANA,19927085.8
90,Alexandre Pereira,SD,False,,750000.0,100000.0,7.3,5,4,VÁRZEA PAULISTA,350000.0,VÁRZEA PAULISTA; ICÉM; ITATIBA; JUNDIAÍ,10277319.0
91,Carlos Cezar,PL,False,,750000.0,750000.0,2.5,12,6,ITAPEVA,450000.0,ITAPEVA; IPEÚNA; SÃO JOSÉ DO RIO PRETO; SOROCABA; SÃO PAULO; ASSIS,29911278.0
92,Fernando Cury,UNIÃO,False,,700000.0,700000.0,6.6,13,9,AVARÉ,200000.0,AVARÉ; DOIS CÓRREGOS; SÃO MANUEL; CONCHAS; FARTURA; GUARARAPES; ITAÍ; LENÇÓIS PAULISTA; TAQUARITUBA,10527319.0
93,Coronel Telhada,PP,False,,700000.0,300000.0,6.8,4,4,SÃO PAULO,300000.0,SÃO PAULO; ARARAQUARA; LARANJAL PAULISTA; ROSEIRA,10327319.0
94,Edson Giriboni,UNIÃO,True,Edson Giriboni,700000.0,400000.0,3.0,7,5,SÃO MIGUEL ARCANJO,280000.0,SÃO MIGUEL ARCANJO; ITAPETININGA; AVARÉ; CAMPINA DO MONTE ALEGRE; GUAREÍ,23193597.0
95,Roberto Morais,CIDADANIA,False,,700000.0,100000.0,7.3,5,2,LARANJAL PAULISTA,400000.0,LARANJAL PAULISTA; PIRACICABA,9577319.0
96,Estevam Galvão,UNIÃO,False,,660000.0,660000.0,10.2,5,3,SUZANO,360000.0,SUZANO; VOTORANTIM; POÁ,6487319.0
97,Bruno Ganem,PODE,False,,605000.0,405000.0,6.1,7,3,INDAIATUBA,505000.0,INDAIATUBA; SANTA BÁRBARA D'OESTE; SÃO PAULO,9951659.5
98,Rômulo Fernandes,PT,False,,530000.0,130000.0,3.0,5,4,PRESIDENTE PRUDENTE,200000.0,PRESIDENTE PRUDENTE; CARAPICUÍBA; MAUÁ; PINHALZINHO,17653278.0
99,Teonilio Barba,PT,False,,425000.0,225000.0,1.3,7,5,DIADEMA,200000.0,DIADEMA; SÃO BERNARDO DO CAMPO; ADAMANTINA; PANORAMA; SÃO PAULO,33489717.0
100,Coronel Nishikawa,PL,False,,400000.0,300000.0,4.5,4,3,SÃO PAULO,200000.0,SÃO PAULO; BRAGANÇA PAULISTA; GUARULHOS,8847128.39
101,Gilmaci Santos,REPUBLICANOS,False,,400000.0,400000.0,1.2,2,1,SÃO PAULO,400000.0,SÃO PAULO,34169717.0
102,Heni Ozi Cukier,PODE,False,,400000.0,0.0,4.2,1,1,SÃO PAULO,400000.0,SÃO PAULO,9427319.0
103,Roberto Engler,PSDB,False,,400000.0,400000.0,4.3,4,1,SÃO PAULO,400000.0,SÃO PAULO,9327319.0
104,José Américo,PT,False,,380000.0,0.0,3.6,4,3,MAUÁ,140000.0,MAUÁ; SÃO PAULO; HORTOLÂNDIA,10527319.0
105,Bruna Furlan,REPUBLICANOS,False,,300000.0,250000.0,1.3,6,4,BARUERI,100000.0,BARUERI; SANTANA DE PARNAÍBA; ITAPEVI; OSASCO,22392398.0
106,Thiago Auricchio,PL,False,,290000.0,290000.0,0.8,2,2,CERQUEIRA CÉSAR,190000.0,CERQUEIRA CÉSAR; JAGUARIÚNA,34169717.0
107,Douglas Garcia,REPUBLICANOS,False,,250000.0,0.0,2.5,1,1,CASA BRANCA,250000.0,CASA BRANCA,10027319.0
108,Solange Freitas,UNIÃO,False,,250000.0,200000.0,1.2,6,5,SANTOS,100000.0,SANTOS; SUZANO; GUARUJÁ; SÃO PAULO; SÃO VICENTE,21042398.0
109,Ricardo Mellão,NOVO,False,,200100.0,200100.0,2.1,1,1,CAMPINAS,200100.0,CAMPINAS,9500100.0
110,Gerson Dias Pessoa,PODE,False,,200000.0,200000.0,2.2,1,1,OSASCO,200000.0,OSASCO,8897060.0
111,André Bueno,MDB,False,,200000.0,200000.0,1.6,2,1,IBITINGA,200000.0,IBITINGA,12143139.0
112,Erica Malunguinho,PSOL,False,,200000.0,200000.0,2.0,1,1,SÃO PAULO,200000.0,SÃO PAULO,10127319.0
113,Milton Leite Filho,UNIÃO,False,,150000.0,0.0,0.4,1,1,IEPÊ,150000.0,IEPÊ,34169717.0
114,Conte Lopes,PL,False,,150000.0,150000.0,0.5,1,1,AVARÉ,150000.0,AVARÉ,33319717.0
115,Rui Alves,REPUBLICANOS,False,,150000.0,150000.0,1.4,1,1,SÃO PAULO,150000.0,SÃO PAULO,10976120.0
116,Rafael Saraiva,UNIÃO,False,,100000.0,100000.0,0.4,2,1,PACAEMBU,100000.0,PACAEMBU,22742398.0
117,Paulo Mansur,PL,False,,100000.0,100000.0,0.4,3,2,CAMPINAS,100000.0,CAMPINAS; SOROCABA,22442398.0
118,Janaina Paschoal,PRTB,False,,100000.0,100000.0,0.9,1,1,TURIÚBA,100000.0,TURIÚBA,10527319.0
119,Reis,PT,False,,100000.0,100000.0,0.6,1,1,SÃO PAULO,100000.0,SÃO PAULO,16992398.0
120,Castello Branco,PL,False,,100000.0,100000.0,0.9,1,1,PALMITAL,100000.0,PALMITAL,10527319.0
121,Danilo Campetti,REPUBLICANOS,False,,80000.0,80000.0,0.7,1,1,SÃO PAULO,80000.0,SÃO PAULO,12133139.0
122,Sargento Neri,PATRIOTA,False,,77319.0,77319.0,0.7,1,1,SÃO PAULO,77319.0,SÃO PAULO,10527319.0
123,Ataide Teruel,PODE,False,,0.0,0.0,0.0,0,0,,0.0,,7327319.0
124,Altair Moraes,REPUBLICANOS,False,,0.0,0.0,0.0,0,0,,0.0,,34169717.0
125,Adalberto Freitas,PSDB,False,,0.0,0.0,0.0,0,0,,0.0,,7229756.0
126,Adriana Borgo,AGIR,False,,0.0,0.0,0.0,0,0,,0.0,,10527319.0
127,Jorge Caruso,MDB,False,,0.0,0.0,0.0,0,0,,0.0,,18503439.0
128,Delegado Bruno Lima,PODE,False,,0.0,0.0,0.0,0,0,,0.0,,6263659.5
129,Dra Damaris Moura,PSDB,False,,0.0,0.0,0.0,0,0,,0.0,,5527319.0
130,Marcio da Farmácia,PODE,False,,0.0,0.0,0.0,0,0,,0.0,,10527319.0
131,Professor Kenny,PP,False,,0.0,0.0,0.0,0,0,,0.0,,10527319.0
132,Marcos Zerbini,PSDB,False,,0.0,0.0,0.0,0,0,,0.0,,5263659.5
133,Jorge Wilson Xerife do Consumidor,REPUBLICANOS,False,,0.0,0.0,0.0,0,0,,0.0,,34169717.0
134,Roque Barbiere,AVANTE,False,,0.0,0.0,0.0,0,0,,0.0,,10527319.0
135,Wellington Moura,REPUBLICANOS,False,,0.0,0.0,0.0,0,0,,0.0,,10527319.0
136,Tenente Nascimento,REPUBLICANOS,False,,0.0,0.0,0.0,0,0,,0.0,,9763659.5
137,Oseias de Madureira,PL,False,,0.0,0.0,0.0,0,0,,0.0,,13642398.0
138,Fabio Faria de Sá,PODE,False,,0.0,0.0,0.0,0,0,,0.0,,12666278.0
