nome,site,status,tipo_canal,canal_url,canal_titulo,evidencia,verificado_em
Faber-Castell,https://www.faber-castell.com.br,canal encontrado,institucional,https://www.faber-castell.com.br/corporate/sustentabilidade,Sustentabilidade na Faber-Castell,"Olhamos para a sustentabilidade considerando os seus aspectos ecológicos, sociais e econômicos.",2026-09-30
Tilibra,https://www.tilibra.com.br,canal encontrado,institucional,https://www.tilibra.com.br/conteudo/custom/social-responsibility-policy,Política de Responsabilidade Social,Política Global de Responsabilidade Social da ACCO Brands,2026-09-30
Kalunga,https://www.kalunga.com.br,não encontrado,,,,,2026-09-30
BIC Brasil,https://www.bic.com.br,site não respondeu,,,,,2026-09-30
Instituto Coca-Cola Brasil,https://www.institutococacola.org.br,site não respondeu,,,,,2026-09-30
Nestlé Brasil,https://www.nestle.com.br,site não respondeu,,,,,2026-09-30
Instituto Carrefour,https://www.institutocarrefour.org.br,site não respondeu,,,,,2026-09-30
Assaí Atacadista,https://www.assai.com.br,canal encontrado,institucional,https://www.assai.com.br/sustentabilidade,Estratégia ESG,"Aqui no Assaí, nós somos guiados por impulsionar a prosperidade para todos(as) com operações responsáveis e transparentes, e menor impacto ambiental. Nossa atuação em sustentabilidade está fundamentada em três pilares, q",2026-09-30
UNICEF Brasil,https://www.unicef.org/brazil,canal encontrado,doação,https://help.unicef.org/brazil/pt-br/sit-terremoto-venezuela?utm_source=unicef.org.br&utm_medium=referral&utm_campaign=always_on&utm_term=sit&utm_content=header-button,DOE AGORA,,2026-09-30
Fundação Abrinq,https://www.fadc.org.br,canal encontrado,doação,https://doeagora.org.br/ajudeumacrianca/,DOE AGORA!,"© Fundação Abrinq pelos Direitos da Criança e do Adolescente, inscrita no CNPJ sob o nº 38.894.796/0001-46.",2026-09-30
Fundação Roberto Marinho,https://www.frm.org.br,canal encontrado,edital,https://www.frm.org.br/conteudo/educacao-profissional/noticia/edital-conta-que-soma-abre-inscricoes-de-formacao-gratuita,'Conta que soma' tem inscrições abertasEdital é voltado para criação de conteúdo sobre fin,Edital 'Conta que soma' abre inscrições de formação gratuita para jovens criarem conteúdo sobre finanças,2026-09-30
Instituto Alana,https://alana.org.br,canal encontrado,institucional,https://pt-br.facebook.com/institutoalana/,instituto,,2026-09-30
Childhood Brasil,https://www.childhood.org.br,canal encontrado,doação,https://www.childhood.org.br/como-doar/,DOAÇÃO,"Ao apoiar a Childhood Brasil, sua empresa alia visibilidade de marca ao compromisso com a proteção de crianças e adolescentes. Como apoiador institucional sua empresa aprende sobre a causa, fortalece seu posicionamento, ",2026-09-30
Fundação Telefônica Vivo,https://www.fundacaotelefonicavivo.org.br,site não respondeu,,,,,2026-09-30
Instituto Ayrton Senna,https://institutoayrtonsenna.org.br,canal encontrado,doação,https://doacao.institutoayrtonsenna.org.br/?utm_source=site&utm_medium=hiperlink-organico&utm_campaign=doacao,Doe agora,Doe Agora | Instituto Ayrton Senna,2026-09-30
FUMCAD / CMDCA,,sem site na base,,,,,2026-09-30
