nome,tipo,foco,modulos,abrangencia,site,como_abordar,status,obs,fonte
Faber-Castell,empresa,material escolar,1,nacional,https://www.faber-castell.com.br,Grande fabricante de material escolar com fábrica em São Carlos-SP; buscar doação de kits de lápis/canetas,a abordar,verificar programa de doação vigente,curadoria inicial (a confirmar)
Tilibra,empresa,material escolar,1,nacional,https://www.tilibra.com.br,Fabricante de cadernos em Bauru-SP; buscar doação de cadernos,a abordar,verificar canal de doação,curadoria inicial (a confirmar)
Kalunga,empresa,material escolar,1,nacional,https://www.kalunga.com.br,Varejo de material escolar; buscar doação/desconto para kits,a abordar,verificar,curadoria inicial (a confirmar)
BIC Brasil,empresa,material escolar,1,nacional,https://www.bic.com.br,Fabricante de canetas/lápis; buscar doação de material,a abordar,verificar,curadoria inicial (a confirmar)
Instituto Coca-Cola Brasil,instituto,verba,1,nacional,https://www.institutococacola.org.br,Instituto com foco em juventude/educação; buscar edital ou parceria,a abordar,ver também no radar de editais,curadoria inicial (a confirmar)
Nestlé Brasil,empresa,cesta básica,1,nacional,https://www.nestle.com.br,Buscar doação de alimentos/cesta para o programa,a abordar,verificar canal de doação social,curadoria inicial (a confirmar)
Instituto Carrefour,instituto,cesta básica,1,nacional,https://www.institutocarrefour.org.br,Rede de hipermercado; buscar doação de alimentos,a abordar,verificar,curadoria inicial (a confirmar)
Assaí Atacadista,empresa,cesta básica,1,nacional,https://www.assai.com.br,Atacadista; buscar doação de alimentos para cesta,a abordar,verificar programa social,curadoria inicial (a confirmar)
UNICEF Brasil,órgão,direito da criança,2;3;4,nacional,https://www.unicef.org/brazil,Agência da ONU para a infância; parceria técnica/selo para módulos sociais,a abordar,foco em direito da criança e adolescente,curadoria inicial (a confirmar)
Fundação Abrinq,fundação,direito da criança,2;3;4,nacional,https://www.fadc.org.br,Save the Children; forte em direito da criança; buscar parceria,a abordar,indicada pelo Fábio,curadoria inicial (a confirmar)
Fundação Roberto Marinho,fundação,conteúdo educativo,1;2;3,nacional,https://www.frm.org.br,Educação e conteúdo (Canal Futura); buscar parceria de conteúdo,a abordar,indicada pelo Fábio,curadoria inicial (a confirmar)
Instituto Alana,instituto,direito da criança,2;3;4,nacional,https://alana.org.br,Foco em infância e direitos; buscar parceria,a abordar,verificar linhas de apoio,curadoria inicial (a confirmar)
Childhood Brasil,fundação,direito da criança,3;4,nacional,https://www.childhood.org.br,Proteção da criança e adolescente; aderente a módulos 3 e 4,a abordar,verificar,curadoria inicial (a confirmar)
Fundação Telefônica Vivo,fundação,conteúdo educativo,1;2,nacional,https://www.fundacaotelefonicavivo.org.br,Educação e tecnologia; buscar edital/parceria,a abordar,ver também no radar de editais,curadoria inicial (a confirmar)
Instituto Ayrton Senna,instituto,educação,1;2,nacional,https://institutoayrtonsenna.org.br,Educação de qualidade; buscar parceria técnica,a abordar,verificar,curadoria inicial (a confirmar)
FUMCAD / CMDCA,fundo,verba (dedução de IR),1;2;3;4,regional,,Fundo Municipal dos Direitos da Criança e do Adolescente; empresas doam via dedução de IR pelo Conselho Municipal,a abordar,porta local forte; abrir via Conselho Municipal do município,curadoria inicial (a confirmar)
